<!--
    Input:
        frameworks/av/media/mediaserver/manifest_media_c2_software.xml
-->
<manifest version="9.0" type="framework">
    <hal format="hidl" max-level="8">
        <name>android.hardware.media.c2</name>
        <transport>hwbinder</transport>
        <fqname>@1.2::IComponentStore/software</fqname>
    </hal>
    <hal format="aidl" updatable-via-apex="com.android.media.swcodec">
        <name>android.hardware.media.c2</name>
        <version>2</version>
        <fqname>IComponentStore/software</fqname>
    </hal>
</manifest>
