<!--
    Input:
        hardware/interfaces/compatibility_matrices/compatibility_matrix.202604.xml
        out/soong/.intermediates/kernel/configs/c/android-6.12/kernel_config_c_6.12/matrix_kernel_config_c_6.12.xml
-->
<compatibility-matrix version="9.0" type="framework" level="202604">
    <hal format="aidl">
        <name>android.hardware.audio.core</name>
        <version>1-4</version>
        <interface>
            <name>IConfig</name>
            <instance>default</instance>
        </interface>
        <interface>
            <name>IModule</name>
            <instance>a2dp</instance>
            <instance>bluetooth</instance>
            <instance>default</instance>
            <instance>hearing_aid</instance>
            <instance>msd</instance>
            <instance>r_submix</instance>
            <instance>stub</instance>
            <instance>usb</instance>
        </interface>
    </hal>
    <hal format="aidl">
        <name>android.hardware.audio.effect</name>
        <version>1-4</version>
        <interface>
            <name>IFactory</name>
            <instance>default</instance>
        </interface>
    </hal>
    <hal format="aidl" updatable-via-apex="true">
        <name>android.hardware.authsecret</name>
        <interface>
            <name>IAuthSecret</name>
            <instance>default</instance>
        </interface>
    </hal>
    <hal format="aidl">
        <name>android.hardware.automotive.audiocontrol</name>
        <version>2-6</version>
        <interface>
            <name>IAudioControl</name>
            <instance>default</instance>
        </interface>
    </hal>
    <hal format="aidl">
        <name>android.hardware.automotive.can</name>
        <interface>
            <name>ICanController</name>
            <instance>default</instance>
        </interface>
    </hal>
    <hal format="aidl">
        <name>android.hardware.automotive.evs</name>
        <version>1-2</version>
        <interface>
            <name>IEvsEnumerator</name>
            <regex-instance>[a-z]+/[0-9]+</regex-instance>
        </interface>
    </hal>
    <hal format="aidl">
        <name>android.hardware.automotive.ivn</name>
        <interface>
            <name>IIvnAndroidDevice</name>
            <instance>default</instance>
        </interface>
    </hal>
    <hal format="aidl">
        <name>android.hardware.automotive.occupant_awareness</name>
        <interface>
            <name>IOccupantAwareness</name>
            <instance>default</instance>
        </interface>
    </hal>
    <hal format="aidl">
        <name>android.hardware.automotive.remoteaccess</name>
        <version>1-2</version>
        <interface>
            <name>IRemoteAccess</name>
            <instance>default</instance>
        </interface>
    </hal>
    <hal format="aidl">
        <name>android.hardware.automotive.vehicle</name>
        <version>1-4</version>
        <interface>
            <name>IVehicle</name>
            <instance>default</instance>
        </interface>
    </hal>
    <hal format="aidl" updatable-via-apex="true">
        <name>android.hardware.biometrics.face</name>
        <version>3-5</version>
        <interface>
            <name>IFace</name>
            <instance>default</instance>
            <instance>virtual</instance>
        </interface>
    </hal>
    <hal format="aidl" updatable-via-apex="true">
        <name>android.hardware.biometrics.fingerprint</name>
        <version>3-5</version>
        <interface>
            <name>IFingerprint</name>
            <instance>default</instance>
            <instance>virtual</instance>
        </interface>
    </hal>
    <hal format="aidl">
        <name>android.hardware.bluetooth</name>
        <interface>
            <name>IBluetoothHci</name>
            <instance>default</instance>
        </interface>
    </hal>
    <hal format="aidl">
        <name>android.hardware.bluetooth.audio</name>
        <version>3-6</version>
        <interface>
            <name>IBluetoothAudioProviderFactory</name>
            <instance>default</instance>
        </interface>
    </hal>
    <hal format="aidl">
        <name>android.hardware.bluetooth.finder</name>
        <interface>
            <name>IBluetoothFinder</name>
            <instance>default</instance>
        </interface>
    </hal>
    <hal format="aidl">
        <name>android.hardware.bluetooth.gatt</name>
        <interface>
            <name>IBluetoothGatt</name>
            <instance>default</instance>
        </interface>
    </hal>
    <hal format="aidl">
        <name>android.hardware.bluetooth.lmp_event</name>
        <interface>
            <name>IBluetoothLmpEvent</name>
            <instance>default</instance>
        </interface>
    </hal>
    <hal format="aidl">
        <name>android.hardware.bluetooth.ranging</name>
        <version>1-2</version>
        <interface>
            <name>IBluetoothChannelSounding</name>
            <instance>default</instance>
        </interface>
    </hal>
    <hal format="aidl">
        <name>android.hardware.bluetooth.socket</name>
        <interface>
            <name>IBluetoothSocket</name>
            <instance>default</instance>
            <instance>lpp</instance>
        </interface>
    </hal>
    <hal format="aidl">
        <name>android.hardware.boot</name>
        <interface>
            <name>IBootControl</name>
            <instance>default</instance>
        </interface>
    </hal>
    <hal format="aidl">
        <name>android.hardware.broadcastradio</name>
        <version>1-3</version>
        <interface>
            <name>IBroadcastRadio</name>
            <regex-instance>.*</regex-instance>
        </interface>
    </hal>
    <hal format="aidl" updatable-via-apex="true">
        <name>android.hardware.camera.provider</name>
        <version>1-4</version>
        <interface>
            <name>ICameraProvider</name>
            <regex-instance>[^/]+/[0-9]+</regex-instance>
        </interface>
    </hal>
    <hal format="aidl">
        <name>android.hardware.cas</name>
        <interface>
            <name>IMediaCasService</name>
            <instance>default</instance>
        </interface>
    </hal>
    <hal format="aidl">
        <name>android.hardware.confirmationui</name>
        <interface>
            <name>IConfirmationUI</name>
            <instance>default</instance>
        </interface>
    </hal>
    <hal format="aidl">
        <name>android.hardware.contexthub</name>
        <version>3-5</version>
        <interface>
            <name>IContextHub</name>
            <instance>default</instance>
        </interface>
    </hal>
    <hal format="aidl" updatable-via-apex="true">
        <name>android.hardware.drm</name>
        <version>1-2</version>
        <interface>
            <name>IDrmFactory</name>
            <regex-instance>.*</regex-instance>
        </interface>
    </hal>
    <hal format="aidl">
        <name>android.hardware.dumpstate</name>
        <interface>
            <name>IDumpstateDevice</name>
            <instance>default</instance>
        </interface>
    </hal>
    <hal format="aidl">
        <name>android.hardware.gatekeeper</name>
        <interface>
            <name>IGatekeeper</name>
            <instance>default</instance>
        </interface>
    </hal>
    <hal format="aidl">
        <name>android.hardware.gnss</name>
        <version>2-7</version>
        <interface>
            <name>IGnss</name>
            <instance>default</instance>
        </interface>
    </hal>
    <hal format="aidl">
        <name>android.hardware.graphics.allocator</name>
        <version>1-2</version>
        <interface>
            <name>IAllocator</name>
            <instance>default</instance>
        </interface>
    </hal>
    <hal format="aidl">
        <name>android.hardware.graphics.composer3</name>
        <version>4-5</version>
        <interface>
            <name>IComposer</name>
            <instance>default</instance>
        </interface>
    </hal>
    <hal format="aidl">
        <name>android.hardware.health</name>
        <version>3-5</version>
        <interface>
            <name>IHealth</name>
            <instance>default</instance>
        </interface>
    </hal>
    <hal format="aidl">
        <name>android.hardware.identity</name>
        <version>1-5</version>
        <interface>
            <name>IIdentityCredentialStore</name>
            <instance>default</instance>
        </interface>
    </hal>
    <hal format="aidl">
        <name>android.hardware.input.processor</name>
        <interface>
            <name>IInputProcessor</name>
            <instance>default</instance>
        </interface>
    </hal>
    <hal format="aidl">
        <name>android.hardware.ir</name>
        <interface>
            <name>IConsumerIr</name>
            <instance>default</instance>
        </interface>
    </hal>
    <hal format="aidl">
        <name>android.hardware.light</name>
        <version>2-3</version>
        <interface>
            <name>ILights</name>
            <instance>default</instance>
        </interface>
    </hal>
    <hal format="aidl">
        <name>android.hardware.macsec</name>
        <interface>
            <name>IMacsecPskPlugin</name>
            <instance>default</instance>
        </interface>
    </hal>
    <hal format="aidl">
        <name>android.hardware.media.c2</name>
        <version>1-2</version>
        <interface>
            <name>IComponentStore</name>
            <regex-instance>default[0-9]*</regex-instance>
            <regex-instance>vendor[0-9]*_software</regex-instance>
        </interface>
    </hal>
    <hal format="aidl">
        <name>android.hardware.memtrack</name>
        <interface>
            <name>IMemtrack</name>
            <instance>default</instance>
        </interface>
    </hal>
    <hal format="aidl">
        <name>android.hardware.net.nlinterceptor</name>
        <interface>
            <name>IInterceptor</name>
            <instance>default</instance>
        </interface>
    </hal>
    <hal format="aidl" updatable-via-apex="true">
        <name>android.hardware.neuralnetworks</name>
        <version>1-4</version>
        <interface>
            <name>IDevice</name>
            <regex-instance>.*</regex-instance>
        </interface>
    </hal>
    <hal format="aidl" updatable-via-apex="true">
        <name>android.hardware.nfc</name>
        <version>1-2</version>
        <interface>
            <name>INfc</name>
            <instance>default</instance>
        </interface>
    </hal>
    <hal format="aidl">
        <name>android.hardware.npu</name>
        <interface>
            <name>IScheduling</name>
            <instance>default</instance>
        </interface>
    </hal>
    <hal format="aidl">
        <name>android.hardware.oemlock</name>
        <interface>
            <name>IOemLock</name>
            <instance>default</instance>
        </interface>
    </hal>
    <hal format="aidl">
        <name>android.hardware.power</name>
        <version>5-6</version>
        <interface>
            <name>IPower</name>
            <instance>default</instance>
        </interface>
    </hal>
    <hal format="aidl">
        <name>android.hardware.power.stats</name>
        <version>2</version>
        <interface>
            <name>IPowerStats</name>
            <instance>default</instance>
        </interface>
    </hal>
    <hal format="aidl">
        <name>android.hardware.radio.config</name>
        <version>3-5</version>
        <interface>
            <name>IRadioConfig</name>
            <instance>default</instance>
        </interface>
    </hal>
    <hal format="aidl">
        <name>android.hardware.radio.data</name>
        <version>3-5</version>
        <interface>
            <name>IRadioData</name>
            <instance>slot1</instance>
            <instance>slot2</instance>
            <instance>slot3</instance>
        </interface>
    </hal>
    <hal format="aidl">
        <name>android.hardware.radio.ims</name>
        <version>2-4</version>
        <interface>
            <name>IRadioIms</name>
            <instance>slot1</instance>
            <instance>slot2</instance>
            <instance>slot3</instance>
        </interface>
    </hal>
    <hal format="aidl">
        <name>android.hardware.radio.ims.media</name>
        <version>2-4</version>
        <interface>
            <name>IImsMedia</name>
            <instance>default</instance>
        </interface>
    </hal>
    <hal format="aidl">
        <name>android.hardware.radio.messaging</name>
        <version>3-5</version>
        <interface>
            <name>IRadioMessaging</name>
            <instance>slot1</instance>
            <instance>slot2</instance>
            <instance>slot3</instance>
        </interface>
    </hal>
    <hal format="aidl">
        <name>android.hardware.radio.modem</name>
        <version>3-5</version>
        <interface>
            <name>IRadioModem</name>
            <instance>slot1</instance>
            <instance>slot2</instance>
            <instance>slot3</instance>
        </interface>
    </hal>
    <hal format="aidl">
        <name>android.hardware.radio.network</name>
        <version>3-5</version>
        <interface>
            <name>IRadioNetwork</name>
            <instance>slot1</instance>
            <instance>slot2</instance>
            <instance>slot3</instance>
        </interface>
    </hal>
    <hal format="aidl">
        <name>android.hardware.radio.sap</name>
        <interface>
            <name>ISap</name>
            <instance>slot1</instance>
            <instance>slot2</instance>
            <instance>slot3</instance>
        </interface>
    </hal>
    <hal format="aidl">
        <name>android.hardware.radio.sim</name>
        <version>3-5</version>
        <interface>
            <name>IRadioSim</name>
            <instance>slot1</instance>
            <instance>slot2</instance>
            <instance>slot3</instance>
        </interface>
    </hal>
    <hal format="aidl">
        <name>android.hardware.radio.voice</name>
        <version>3-5</version>
        <interface>
            <name>IRadioVoice</name>
            <instance>slot1</instance>
            <instance>slot2</instance>
            <instance>slot3</instance>
        </interface>
    </hal>
    <hal format="aidl">
        <name>android.hardware.rebootescrow</name>
        <interface>
            <name>IRebootEscrow</name>
            <instance>default</instance>
        </interface>
    </hal>
    <hal format="aidl">
        <name>android.hardware.secure_element</name>
        <interface>
            <name>ISecureElement</name>
            <regex-instance>SIM[1-9][0-9]*</regex-instance>
            <regex-instance>eSE[1-9][0-9]*</regex-instance>
        </interface>
    </hal>
    <hal format="aidl" updatable-via-apex="true">
        <name>android.hardware.security.authgraph</name>
        <interface>
            <name>IAuthGraphKeyExchange</name>
            <instance>nonsecure</instance>
        </interface>
    </hal>
    <hal format="aidl">
        <name>android.hardware.security.factory_reset_protection</name>
        <interface>
            <name>IFactoryResetProtection</name>
            <instance>default</instance>
        </interface>
    </hal>
    <hal format="aidl" updatable-via-apex="true">
        <name>android.hardware.security.keymint</name>
        <version>1-5</version>
        <interface>
            <name>IKeyMintDevice</name>
            <instance>default</instance>
            <instance>strongbox</instance>
        </interface>
    </hal>
    <hal format="aidl" updatable-via-apex="true">
        <name>android.hardware.security.keymint</name>
        <version>1-3</version>
        <interface>
            <name>IRemotelyProvisionedComponent</name>
            <instance>default</instance>
            <instance>strongbox</instance>
        </interface>
    </hal>
    <hal format="aidl">
        <name>android.hardware.security.secretkeeper</name>
        <version>1-2</version>
        <interface>
            <name>ISecretkeeper</name>
            <instance>default</instance>
            <instance>nonsecure</instance>
        </interface>
    </hal>
    <hal format="aidl" updatable-via-apex="true">
        <name>android.hardware.security.secureclock</name>
        <interface>
            <name>ISecureClock</name>
            <instance>default</instance>
        </interface>
    </hal>
    <hal format="aidl" exclusive-to="virtual-machine">
        <name>android.hardware.security.see.authmgr</name>
        <interface>
            <name>IAuthMgrAuthorization</name>
            <instance>default</instance>
        </interface>
    </hal>
    <hal format="aidl" exclusive-to="virtual-machine">
        <name>android.hardware.security.see.devicestate</name>
        <interface>
            <name>IDeviceState</name>
            <instance>default</instance>
        </interface>
    </hal>
    <hal format="aidl">
        <name>android.hardware.security.see.hwcrypto</name>
        <interface>
            <name>IHwCryptoKey</name>
            <instance>default</instance>
        </interface>
    </hal>
    <hal format="aidl" exclusive-to="virtual-machine">
        <name>android.hardware.security.see.storage</name>
        <interface>
            <name>ISecureStorage</name>
            <instance>default</instance>
        </interface>
    </hal>
    <hal format="aidl" updatable-via-apex="true">
        <name>android.hardware.security.sharedsecret</name>
        <interface>
            <name>ISharedSecret</name>
            <instance>default</instance>
            <instance>strongbox</instance>
            <regex-instance>.*</regex-instance>
        </interface>
    </hal>
    <hal format="aidl">
        <name>android.hardware.security.timestamp</name>
        <interface>
            <name>ITimeStamper</name>
            <instance>default</instance>
        </interface>
    </hal>
    <hal format="aidl">
        <name>android.hardware.sensors</name>
        <version>2-3</version>
        <interface>
            <name>ISensors</name>
            <instance>default</instance>
        </interface>
    </hal>
    <hal format="aidl">
        <name>android.hardware.soundtrigger3</name>
        <version>1-4</version>
        <interface>
            <name>ISoundTriggerHw</name>
            <instance>default</instance>
        </interface>
    </hal>
    <hal format="aidl">
        <name>android.hardware.tetheroffload</name>
        <interface>
            <name>IOffload</name>
            <instance>default</instance>
        </interface>
    </hal>
    <hal format="aidl">
        <name>android.hardware.thermal</name>
        <version>3</version>
        <interface>
            <name>IThermal</name>
            <instance>default</instance>
        </interface>
    </hal>
    <hal format="aidl" updatable-via-apex="true">
        <name>android.hardware.threadnetwork</name>
        <interface>
            <name>IThreadChip</name>
            <regex-instance>chip[0-9]+</regex-instance>
        </interface>
    </hal>
    <hal format="aidl">
        <name>android.hardware.tv.hdmi.cec</name>
        <interface>
            <name>IHdmiCec</name>
            <instance>default</instance>
        </interface>
    </hal>
    <hal format="aidl">
        <name>android.hardware.tv.hdmi.connection</name>
        <interface>
            <name>IHdmiConnection</name>
            <instance>default</instance>
        </interface>
    </hal>
    <hal format="aidl">
        <name>android.hardware.tv.hdmi.earc</name>
        <interface>
            <name>IEArc</name>
            <instance>default</instance>
        </interface>
    </hal>
    <hal format="aidl">
        <name>android.hardware.tv.input</name>
        <version>1-3</version>
        <interface>
            <name>ITvInput</name>
            <instance>default</instance>
        </interface>
    </hal>
    <hal format="aidl">
        <name>android.hardware.tv.mediaquality</name>
        <version>1-2</version>
        <interface>
            <name>IMediaQuality</name>
            <instance>default</instance>
        </interface>
    </hal>
    <hal format="aidl">
        <name>android.hardware.tv.tuner</name>
        <version>1-3</version>
        <interface>
            <name>ITuner</name>
            <instance>default</instance>
        </interface>
    </hal>
    <hal format="aidl">
        <name>android.hardware.usb</name>
        <version>1-4</version>
        <interface>
            <name>IUsb</name>
            <instance>default</instance>
        </interface>
    </hal>
    <hal format="aidl">
        <name>android.hardware.usb.gadget</name>
        <version>1-2</version>
        <interface>
            <name>IUsbGadget</name>
            <instance>default</instance>
        </interface>
    </hal>
    <hal format="aidl" updatable-via-apex="true">
        <name>android.hardware.uwb</name>
        <interface>
            <name>IUwb</name>
            <instance>default</instance>
        </interface>
    </hal>
    <hal format="aidl">
        <name>android.hardware.vibrator</name>
        <version>1-4</version>
        <interface>
            <name>IVibrator</name>
            <instance>default</instance>
        </interface>
    </hal>
    <hal format="aidl">
        <name>android.hardware.vibrator</name>
        <version>1-4</version>
        <interface>
            <name>IVibratorManager</name>
            <instance>default</instance>
        </interface>
    </hal>
    <hal format="aidl">
        <name>android.hardware.virtualization.capabilities</name>
        <interface>
            <name>IVmCapabilitiesService</name>
            <instance>default</instance>
            <instance>noop</instance>
        </interface>
    </hal>
    <hal format="aidl">
        <name>android.hardware.weaver</name>
        <version>2-3</version>
        <interface>
            <name>IWeaver</name>
            <instance>default</instance>
        </interface>
    </hal>
    <hal format="aidl" updatable-via-apex="true">
        <name>android.hardware.wifi</name>
        <version>2-4</version>
        <interface>
            <name>IWifi</name>
            <instance>default</instance>
        </interface>
    </hal>
    <hal format="aidl">
        <name>android.hardware.wifi.hostapd</name>
        <version>2-3</version>
        <interface>
            <name>IHostapd</name>
            <instance>default</instance>
        </interface>
    </hal>
    <hal format="aidl">
        <name>android.hardware.wifi.supplicant</name>
        <version>4-5</version>
        <interface>
            <name>ISupplicant</name>
            <instance>default</instance>
        </interface>
    </hal>
    <hal format="native">
        <name>mapper</name>
        <version>5.0</version>
        <interface>
            <regex-instance>.*</regex-instance>
        </interface>
    </hal>
    <kernel version="6.12.0" level="202604">
        <config>
            <key>CONFIG_ADVISE_SYSCALLS</key>
            <value type="tristate">y</value>
        </config>
        <config>
            <key>CONFIG_AIO</key>
            <value type="tristate">y</value>
        </config>
        <config>
            <key>CONFIG_ANDROID_BINDERFS</key>
            <value type="tristate">y</value>
        </config>
        <config>
            <key>CONFIG_ANDROID_BINDER_IPC</key>
            <value type="tristate">y</value>
        </config>
        <config>
            <key>CONFIG_ANDROID_LOW_MEMORY_KILLER</key>
            <value type="tristate">n</value>
        </config>
        <config>
            <key>CONFIG_ANDROID_PARANOID_NETWORK</key>
            <value type="tristate">n</value>
        </config>
        <config>
            <key>CONFIG_ASHMEM</key>
            <value type="tristate">y</value>
        </config>
        <config>
            <key>CONFIG_AS_IS_LLVM</key>
            <value type="tristate">y</value>
        </config>
        <config>
            <key>CONFIG_AUDIT</key>
            <value type="tristate">y</value>
        </config>
        <config>
            <key>CONFIG_BINFMT_ELF</key>
            <value type="tristate">y</value>
        </config>
        <config>
            <key>CONFIG_BINFMT_SCRIPT</key>
            <value type="tristate">y</value>
        </config>
        <config>
            <key>CONFIG_BLK_DEV_INITRD</key>
            <value type="tristate">y</value>
        </config>
        <config>
            <key>CONFIG_BLK_DEV_LOOP</key>
            <value type="tristate">y</value>
        </config>
        <config>
            <key>CONFIG_BLK_INLINE_ENCRYPTION</key>
            <value type="tristate">y</value>
        </config>
        <config>
            <key>CONFIG_BLOCK</key>
            <value type="tristate">y</value>
        </config>
        <config>
            <key>CONFIG_BPFILTER</key>
            <value type="tristate">n</value>
        </config>
        <config>
            <key>CONFIG_BPF_JIT</key>
            <value type="tristate">y</value>
        </config>
        <config>
            <key>CONFIG_BPF_JIT_ALWAYS_ON</key>
            <value type="tristate">y</value>
        </config>
        <config>
            <key>CONFIG_BPF_SYSCALL</key>
            <value type="tristate">y</value>
        </config>
        <config>
            <key>CONFIG_BUG_ON_DATA_CORRUPTION</key>
            <value type="tristate">y</value>
        </config>
        <config>
            <key>CONFIG_CC_IS_CLANG</key>
            <value type="tristate">y</value>
        </config>
        <config>
            <key>CONFIG_CGROUPS</key>
            <value type="tristate">y</value>
        </config>
        <config>
            <key>CONFIG_CGROUP_BPF</key>
            <value type="tristate">y</value>
        </config>
        <config>
            <key>CONFIG_CGROUP_CPUACCT</key>
            <value type="tristate">y</value>
        </config>
        <config>
            <key>CONFIG_CGROUP_FREEZER</key>
            <value type="tristate">y</value>
        </config>
        <config>
            <key>CONFIG_CGROUP_SCHED</key>
            <value type="tristate">y</value>
        </config>
        <config>
            <key>CONFIG_CPU_FREQ</key>
            <value type="tristate">y</value>
        </config>
        <config>
            <key>CONFIG_CPU_FREQ_STAT</key>
            <value type="tristate">y</value>
        </config>
        <config>
            <key>CONFIG_CPU_FREQ_TIMES</key>
            <value type="tristate">y</value>
        </config>
        <config>
            <key>CONFIG_CROSS_MEMORY_ATTACH</key>
            <value type="tristate">y</value>
        </config>
        <config>
            <key>CONFIG_CRYPTO_AES</key>
            <value type="tristate">y</value>
        </config>
        <config>
            <key>CONFIG_CRYPTO_CBC</key>
            <value type="tristate">y</value>
        </config>
        <config>
            <key>CONFIG_CRYPTO_CHACHA20POLY1305</key>
            <value type="tristate">y</value>
        </config>
        <config>
            <key>CONFIG_CRYPTO_CMAC</key>
            <value type="tristate">y</value>
        </config>
        <config>
            <key>CONFIG_CRYPTO_CTR</key>
            <value type="tristate">y</value>
        </config>
        <config>
            <key>CONFIG_CRYPTO_ECB</key>
            <value type="tristate">y</value>
        </config>
        <config>
            <key>CONFIG_CRYPTO_GCM</key>
            <value type="tristate">y</value>
        </config>
        <config>
            <key>CONFIG_CRYPTO_HMAC</key>
            <value type="tristate">y</value>
        </config>
        <config>
            <key>CONFIG_CRYPTO_MD5</key>
            <value type="tristate">y</value>
        </config>
        <config>
            <key>CONFIG_CRYPTO_NULL</key>
            <value type="tristate">y</value>
        </config>
        <config>
            <key>CONFIG_CRYPTO_SHA1</key>
            <value type="tristate">y</value>
        </config>
        <config>
            <key>CONFIG_CRYPTO_SHA256</key>
            <value type="tristate">y</value>
        </config>
        <config>
            <key>CONFIG_CRYPTO_SHA512</key>
            <value type="tristate">y</value>
        </config>
        <config>
            <key>CONFIG_CRYPTO_XCBC</key>
            <value type="tristate">y</value>
        </config>
        <config>
            <key>CONFIG_DEFAULT_SECURITY_SELINUX</key>
            <value type="tristate">y</value>
        </config>
        <config>
            <key>CONFIG_DEVMEM</key>
            <value type="tristate">n</value>
        </config>
        <config>
            <key>CONFIG_DM_DEFAULT_KEY</key>
            <value type="tristate">y</value>
        </config>
        <config>
            <key>CONFIG_DM_SNAPSHOT</key>
            <value type="tristate">y</value>
        </config>
        <config>
            <key>CONFIG_DM_VERITY</key>
            <value type="tristate">y</value>
        </config>
        <config>
            <key>CONFIG_DUMMY</key>
            <value type="tristate">y</value>
        </config>
        <config>
            <key>CONFIG_EPOLL</key>
            <value type="tristate">y</value>
        </config>
        <config>
            <key>CONFIG_EVENTFD</key>
            <value type="tristate">y</value>
        </config>
        <config>
            <key>CONFIG_EXPERT</key>
            <value type="tristate">y</value>
        </config>
        <config>
            <key>CONFIG_FHANDLE</key>
            <value type="tristate">n</value>
        </config>
        <config>
            <key>CONFIG_FILE_LOCKING</key>
            <value type="tristate">y</value>
        </config>
        <config>
            <key>CONFIG_FS_ENCRYPTION</key>
            <value type="tristate">y</value>
        </config>
        <config>
            <key>CONFIG_FS_ENCRYPTION_INLINE_CRYPT</key>
            <value type="tristate">y</value>
        </config>
        <config>
            <key>CONFIG_FS_VERITY</key>
            <value type="tristate">y</value>
        </config>
        <config>
            <key>CONFIG_FUSE_FS</key>
            <value type="tristate">y</value>
        </config>
        <config>
            <key>CONFIG_FUTEX</key>
            <value type="tristate">y</value>
        </config>
        <config>
            <key>CONFIG_FW_CACHE</key>
            <value type="tristate">n</value>
        </config>
        <config>
            <key>CONFIG_HARDENED_USERCOPY</key>
            <value type="tristate">y</value>
        </config>
        <config>
            <key>CONFIG_HIDRAW</key>
            <value type="tristate">y</value>
        </config>
        <config>
            <key>CONFIG_HID_GENERIC</key>
            <value type="tristate">y</value>
        </config>
        <config>
            <key>CONFIG_HID_PLAYSTATION</key>
            <value type="tristate">y</value>
        </config>
        <config>
            <key>CONFIG_HID_SONY</key>
            <value type="tristate">y</value>
        </config>
        <config>
            <key>CONFIG_HIGH_RES_TIMERS</key>
            <value type="tristate">y</value>
        </config>
        <config>
            <key>CONFIG_IFB</key>
            <value type="tristate">y</value>
        </config>
        <config>
            <key>CONFIG_IKCONFIG</key>
            <value type="tristate">y</value>
        </config>
        <config>
            <key>CONFIG_IKCONFIG_PROC</key>
            <value type="tristate">y</value>
        </config>
        <config>
            <key>CONFIG_INET</key>
            <value type="tristate">y</value>
        </config>
        <config>
            <key>CONFIG_INET6_ESP</key>
            <value type="tristate">y</value>
        </config>
        <config>
            <key>CONFIG_INET6_IPCOMP</key>
            <value type="tristate">y</value>
        </config>
        <config>
            <key>CONFIG_INET_DIAG_DESTROY</key>
            <value type="tristate">y</value>
        </config>
        <config>
            <key>CONFIG_INET_ESP</key>
            <value type="tristate">y</value>
        </config>
        <config>
            <key>CONFIG_INET_UDP_DIAG</key>
            <value type="tristate">y</value>
        </config>
        <config>
            <key>CONFIG_INOTIFY_USER</key>
            <value type="tristate">y</value>
        </config>
        <config>
            <key>CONFIG_INPUT</key>
            <value type="tristate">y</value>
        </config>
        <config>
            <key>CONFIG_INPUT_EVDEV</key>
            <value type="tristate">y</value>
        </config>
        <config>
            <key>CONFIG_INPUT_JOYSTICK</key>
            <value type="tristate">y</value>
        </config>
        <config>
            <key>CONFIG_IP6_NF_FILTER</key>
            <value type="tristate">y</value>
        </config>
        <config>
            <key>CONFIG_IP6_NF_IPTABLES</key>
            <value type="tristate">y</value>
        </config>
        <config>
            <key>CONFIG_IP6_NF_MANGLE</key>
            <value type="tristate">y</value>
        </config>
        <config>
            <key>CONFIG_IP6_NF_MATCH_RPFILTER</key>
            <value type="tristate">y</value>
        </config>
        <config>
            <key>CONFIG_IP6_NF_NAT</key>
            <value type="tristate">n</value>
        </config>
        <config>
            <key>CONFIG_IP6_NF_RAW</key>
            <value type="tristate">y</value>
        </config>
        <config>
            <key>CONFIG_IP6_NF_TARGET_REJECT</key>
            <value type="tristate">y</value>
        </config>
        <config>
            <key>CONFIG_IPV6</key>
            <value type="tristate">y</value>
        </config>
        <config>
            <key>CONFIG_IPV6_MIP6</key>
            <value type="tristate">y</value>
        </config>
        <config>
            <key>CONFIG_IPV6_MULTIPLE_TABLES</key>
            <value type="tristate">y</value>
        </config>
        <config>
            <key>CONFIG_IPV6_OPTIMISTIC_DAD</key>
            <value type="tristate">y</value>
        </config>
        <config>
            <key>CONFIG_IPV6_ROUTER_PREF</key>
            <value type="tristate">y</value>
        </config>
        <config>
            <key>CONFIG_IPV6_ROUTE_INFO</key>
            <value type="tristate">y</value>
        </config>
        <config>
            <key>CONFIG_IPV6_VTI</key>
            <value type="tristate">y</value>
        </config>
        <config>
            <key>CONFIG_IP_ADVANCED_ROUTER</key>
            <value type="tristate">y</value>
        </config>
        <config>
            <key>CONFIG_IP_MULTICAST</key>
            <value type="tristate">y</value>
        </config>
        <config>
            <key>CONFIG_IP_MULTIPLE_TABLES</key>
            <value type="tristate">y</value>
        </config>
        <config>
            <key>CONFIG_IP_NF_ARPFILTER</key>
            <value type="tristate">y</value>
        </config>
        <config>
            <key>CONFIG_IP_NF_ARPTABLES</key>
            <value type="tristate">y</value>
        </config>
        <config>
            <key>CONFIG_IP_NF_ARP_MANGLE</key>
            <value type="tristate">y</value>
        </config>
        <config>
            <key>CONFIG_IP_NF_FILTER</key>
            <value type="tristate">y</value>
        </config>
        <config>
            <key>CONFIG_IP_NF_IPTABLES</key>
            <value type="tristate">y</value>
        </config>
        <config>
            <key>CONFIG_IP_NF_MANGLE</key>
            <value type="tristate">y</value>
        </config>
        <config>
            <key>CONFIG_IP_NF_MATCH_ECN</key>
            <value type="tristate">y</value>
        </config>
        <config>
            <key>CONFIG_IP_NF_MATCH_RPFILTER</key>
            <value type="tristate">y</value>
        </config>
        <config>
            <key>CONFIG_IP_NF_MATCH_TTL</key>
            <value type="tristate">y</value>
        </config>
        <config>
            <key>CONFIG_IP_NF_NAT</key>
            <value type="tristate">y</value>
        </config>
        <config>
            <key>CONFIG_IP_NF_RAW</key>
            <value type="tristate">y</value>
        </config>
        <config>
            <key>CONFIG_IP_NF_SECURITY</key>
            <value type="tristate">y</value>
        </config>
        <config>
            <key>CONFIG_IP_NF_TARGET_MASQUERADE</key>
            <value type="tristate">y</value>
        </config>
        <config>
            <key>CONFIG_IP_NF_TARGET_NETMAP</key>
            <value type="tristate">y</value>
        </config>
        <config>
            <key>CONFIG_IP_NF_TARGET_REDIRECT</key>
            <value type="tristate">y</value>
        </config>
        <config>
            <key>CONFIG_IP_NF_TARGET_REJECT</key>
            <value type="tristate">y</value>
        </config>
        <config>
            <key>CONFIG_JOYSTICK_XPAD</key>
            <value type="tristate">y</value>
        </config>
        <config>
            <key>CONFIG_LD_IS_LLD</key>
            <value type="tristate">y</value>
        </config>
        <config>
            <key>CONFIG_MAGIC_SYSRQ</key>
            <value type="tristate">y</value>
        </config>
        <config>
            <key>CONFIG_MD</key>
            <value type="tristate">y</value>
        </config>
        <config>
            <key>CONFIG_MEMBARRIER</key>
            <value type="tristate">y</value>
        </config>
        <config>
            <key>CONFIG_MMU</key>
            <value type="tristate">y</value>
        </config>
        <config>
            <key>CONFIG_MODULES</key>
            <value type="tristate">y</value>
        </config>
        <config>
            <key>CONFIG_MODULE_FORCE_UNLOAD</key>
            <value type="tristate">n</value>
        </config>
        <config>
            <key>CONFIG_MODULE_UNLOAD</key>
            <value type="tristate">y</value>
        </config>
        <config>
            <key>CONFIG_MODVERSIONS</key>
            <value type="tristate">y</value>
        </config>
        <config>
            <key>CONFIG_MULTIUSER</key>
            <value type="tristate">y</value>
        </config>
        <config>
            <key>CONFIG_NAMESPACES</key>
            <value type="tristate">y</value>
        </config>
        <config>
            <key>CONFIG_NET</key>
            <value type="tristate">y</value>
        </config>
        <config>
            <key>CONFIG_NETDEVICES</key>
            <value type="tristate">y</value>
        </config>
        <config>
            <key>CONFIG_NETFILTER</key>
            <value type="tristate">y</value>
        </config>
        <config>
            <key>CONFIG_NETFILTER_XT_MATCH_BPF</key>
            <value type="tristate">y</value>
        </config>
        <config>
            <key>CONFIG_NETFILTER_XT_MATCH_COMMENT</key>
            <value type="tristate">y</value>
        </config>
        <config>
            <key>CONFIG_NETFILTER_XT_MATCH_CONNLIMIT</key>
            <value type="tristate">y</value>
        </config>
        <config>
            <key>CONFIG_NETFILTER_XT_MATCH_CONNMARK</key>
            <value type="tristate">y</value>
        </config>
        <config>
            <key>CONFIG_NETFILTER_XT_MATCH_CONNTRACK</key>
            <value type="tristate">y</value>
        </config>
        <config>
            <key>CONFIG_NETFILTER_XT_MATCH_HASHLIMIT</key>
            <value type="tristate">y</value>
        </config>
        <config>
            <key>CONFIG_NETFILTER_XT_MATCH_HELPER</key>
            <value type="tristate">y</value>
        </config>
        <config>
            <key>CONFIG_NETFILTER_XT_MATCH_IPRANGE</key>
            <value type="tristate">y</value>
        </config>
        <config>
            <key>CONFIG_NETFILTER_XT_MATCH_LENGTH</key>
            <value type="tristate">y</value>
        </config>
        <config>
            <key>CONFIG_NETFILTER_XT_MATCH_LIMIT</key>
            <value type="tristate">y</value>
        </config>
        <config>
            <key>CONFIG_NETFILTER_XT_MATCH_MAC</key>
            <value type="tristate">y</value>
        </config>
        <config>
            <key>CONFIG_NETFILTER_XT_MATCH_MARK</key>
            <value type="tristate">y</value>
        </config>
        <config>
            <key>CONFIG_NETFILTER_XT_MATCH_OWNER</key>
            <value type="tristate">y</value>
        </config>
        <config>
            <key>CONFIG_NETFILTER_XT_MATCH_PKTTYPE</key>
            <value type="tristate">y</value>
        </config>
        <config>
            <key>CONFIG_NETFILTER_XT_MATCH_POLICY</key>
            <value type="tristate">y</value>
        </config>
        <config>
            <key>CONFIG_NETFILTER_XT_MATCH_QUOTA</key>
            <value type="tristate">y</value>
        </config>
        <config>
            <key>CONFIG_NETFILTER_XT_MATCH_QUOTA2</key>
            <value type="tristate">y</value>
        </config>
        <config>
            <key>CONFIG_NETFILTER_XT_MATCH_QUOTA2_LOG</key>
            <value type="tristate">y</value>
        </config>
        <config>
            <key>CONFIG_NETFILTER_XT_MATCH_SOCKET</key>
            <value type="tristate">y</value>
        </config>
        <config>
            <key>CONFIG_NETFILTER_XT_MATCH_STATE</key>
            <value type="tristate">y</value>
        </config>
        <config>
            <key>CONFIG_NETFILTER_XT_MATCH_STATISTIC</key>
            <value type="tristate">y</value>
        </config>
        <config>
            <key>CONFIG_NETFILTER_XT_MATCH_STRING</key>
            <value type="tristate">y</value>
        </config>
        <config>
            <key>CONFIG_NETFILTER_XT_MATCH_TIME</key>
            <value type="tristate">y</value>
        </config>
        <config>
            <key>CONFIG_NETFILTER_XT_MATCH_U32</key>
            <value type="tristate">y</value>
        </config>
        <config>
            <key>CONFIG_NETFILTER_XT_TARGET_CLASSIFY</key>
            <value type="tristate">y</value>
        </config>
        <config>
            <key>CONFIG_NETFILTER_XT_TARGET_CONNMARK</key>
            <value type="tristate">y</value>
        </config>
        <config>
            <key>CONFIG_NETFILTER_XT_TARGET_CONNSECMARK</key>
            <value type="tristate">y</value>
        </config>
        <config>
            <key>CONFIG_NETFILTER_XT_TARGET_CT</key>
            <value type="tristate">y</value>
        </config>
        <config>
            <key>CONFIG_NETFILTER_XT_TARGET_IDLETIMER</key>
            <value type="tristate">y</value>
        </config>
        <config>
            <key>CONFIG_NETFILTER_XT_TARGET_MARK</key>
            <value type="tristate">y</value>
        </config>
        <config>
            <key>CONFIG_NETFILTER_XT_TARGET_NFLOG</key>
            <value type="tristate">y</value>
        </config>
        <config>
            <key>CONFIG_NETFILTER_XT_TARGET_NFQUEUE</key>
            <value type="tristate">y</value>
        </config>
        <config>
            <key>CONFIG_NETFILTER_XT_TARGET_SECMARK</key>
            <value type="tristate">y</value>
        </config>
        <config>
            <key>CONFIG_NETFILTER_XT_TARGET_TCPMSS</key>
            <value type="tristate">y</value>
        </config>
        <config>
            <key>CONFIG_NETFILTER_XT_TARGET_TPROXY</key>
            <value type="tristate">y</value>
        </config>
        <config>
            <key>CONFIG_NETFILTER_XT_TARGET_TRACE</key>
            <value type="tristate">y</value>
        </config>
        <config>
            <key>CONFIG_NET_ACT_BPF</key>
            <value type="tristate">y</value>
        </config>
        <config>
            <key>CONFIG_NET_ACT_POLICE</key>
            <value type="tristate">y</value>
        </config>
        <config>
            <key>CONFIG_NET_CLS_ACT</key>
            <value type="tristate">y</value>
        </config>
        <config>
            <key>CONFIG_NET_CLS_BPF</key>
            <value type="tristate">y</value>
        </config>
        <config>
            <key>CONFIG_NET_CLS_MATCHALL</key>
            <value type="tristate">y</value>
        </config>
        <config>
            <key>CONFIG_NET_CLS_U32</key>
            <value type="tristate">y</value>
        </config>
        <config>
            <key>CONFIG_NET_EMATCH</key>
            <value type="tristate">y</value>
        </config>
        <config>
            <key>CONFIG_NET_EMATCH_U32</key>
            <value type="tristate">y</value>
        </config>
        <config>
            <key>CONFIG_NET_IPGRE_DEMUX</key>
            <value type="tristate">y</value>
        </config>
        <config>
            <key>CONFIG_NET_IPVTI</key>
            <value type="tristate">y</value>
        </config>
        <config>
            <key>CONFIG_NET_KEY</key>
            <value type="tristate">y</value>
        </config>
        <config>
            <key>CONFIG_NET_NS</key>
            <value type="tristate">y</value>
        </config>
        <config>
            <key>CONFIG_NET_SCHED</key>
            <value type="tristate">y</value>
        </config>
        <config>
            <key>CONFIG_NET_SCH_HTB</key>
            <value type="tristate">y</value>
        </config>
        <config>
            <key>CONFIG_NET_SCH_INGRESS</key>
            <value type="tristate">y</value>
        </config>
        <config>
            <key>CONFIG_NET_SCH_TBF</key>
            <value type="tristate">y</value>
        </config>
        <config>
            <key>CONFIG_NFSD</key>
            <value type="tristate">n</value>
        </config>
        <config>
            <key>CONFIG_NFS_FS</key>
            <value type="tristate">n</value>
        </config>
        <config>
            <key>CONFIG_NF_CONNTRACK</key>
            <value type="tristate">y</value>
        </config>
        <config>
            <key>CONFIG_NF_CONNTRACK_AMANDA</key>
            <value type="tristate">y</value>
        </config>
        <config>
            <key>CONFIG_NF_CONNTRACK_EVENTS</key>
            <value type="tristate">y</value>
        </config>
        <config>
            <key>CONFIG_NF_CONNTRACK_FTP</key>
            <value type="tristate">y</value>
        </config>
        <config>
            <key>CONFIG_NF_CONNTRACK_H323</key>
            <value type="tristate">y</value>
        </config>
        <config>
            <key>CONFIG_NF_CONNTRACK_IRC</key>
            <value type="tristate">y</value>
        </config>
        <config>
            <key>CONFIG_NF_CONNTRACK_NETBIOS_NS</key>
            <value type="tristate">y</value>
        </config>
        <config>
            <key>CONFIG_NF_CONNTRACK_PPTP</key>
            <value type="tristate">y</value>
        </config>
        <config>
            <key>CONFIG_NF_CONNTRACK_SANE</key>
            <value type="tristate">y</value>
        </config>
        <config>
            <key>CONFIG_NF_CONNTRACK_SECMARK</key>
            <value type="tristate">y</value>
        </config>
        <config>
            <key>CONFIG_NF_CONNTRACK_TFTP</key>
            <value type="tristate">y</value>
        </config>
        <config>
            <key>CONFIG_NF_CT_NETLINK</key>
            <value type="tristate">y</value>
        </config>
        <config>
            <key>CONFIG_NF_CT_PROTO_DCCP</key>
            <value type="tristate">y</value>
        </config>
        <config>
            <key>CONFIG_NF_CT_PROTO_SCTP</key>
            <value type="tristate">y</value>
        </config>
        <config>
            <key>CONFIG_NF_CT_PROTO_UDPLITE</key>
            <value type="tristate">y</value>
        </config>
        <config>
            <key>CONFIG_NF_NAT</key>
            <value type="tristate">y</value>
        </config>
        <config>
            <key>CONFIG_NF_SOCKET_IPV4</key>
            <value type="tristate">y</value>
        </config>
        <config>
            <key>CONFIG_NF_SOCKET_IPV6</key>
            <value type="tristate">y</value>
        </config>
        <config>
            <key>CONFIG_NO_HZ</key>
            <value type="tristate">y</value>
        </config>
        <config>
            <key>CONFIG_PACKET</key>
            <value type="tristate">y</value>
        </config>
        <config>
            <key>CONFIG_PLAYSTATION_FF</key>
            <value type="tristate">y</value>
        </config>
        <config>
            <key>CONFIG_PM_AUTOSLEEP</key>
            <value type="tristate">n</value>
        </config>
        <config>
            <key>CONFIG_PM_WAKELOCKS</key>
            <value type="tristate">y</value>
        </config>
        <config>
            <key>CONFIG_POSIX_TIMERS</key>
            <value type="tristate">y</value>
        </config>
        <config>
            <key>CONFIG_PREEMPT</key>
            <value type="tristate">y</value>
        </config>
        <config>
            <key>CONFIG_PROC_FS</key>
            <value type="tristate">y</value>
        </config>
        <config>
            <key>CONFIG_PROFILING</key>
            <value type="tristate">y</value>
        </config>
        <config>
            <key>CONFIG_PSI</key>
            <value type="tristate">y</value>
        </config>
        <config>
            <key>CONFIG_QFMT_V2</key>
            <value type="tristate">y</value>
        </config>
        <config>
            <key>CONFIG_QUOTA</key>
            <value type="tristate">y</value>
        </config>
        <config>
            <key>CONFIG_QUOTACTL</key>
            <value type="tristate">y</value>
        </config>
        <config>
            <key>CONFIG_RD_LZ4</key>
            <value type="tristate">y</value>
        </config>
        <config>
            <key>CONFIG_RTC_CLASS</key>
            <value type="tristate">y</value>
        </config>
        <config>
            <key>CONFIG_RT_GROUP_SCHED</key>
            <value type="tristate">n</value>
        </config>
        <config>
            <key>CONFIG_SCHED_DEBUG</key>
            <value type="tristate">y</value>
        </config>
        <config>
            <key>CONFIG_SECCOMP</key>
            <value type="tristate">y</value>
        </config>
        <config>
            <key>CONFIG_SECCOMP_FILTER</key>
            <value type="tristate">y</value>
        </config>
        <config>
            <key>CONFIG_SECURITY</key>
            <value type="tristate">y</value>
        </config>
        <config>
            <key>CONFIG_SECURITY_NETWORK</key>
            <value type="tristate">y</value>
        </config>
        <config>
            <key>CONFIG_SECURITY_SELINUX</key>
            <value type="tristate">y</value>
        </config>
        <config>
            <key>CONFIG_SHMEM</key>
            <value type="tristate">y</value>
        </config>
        <config>
            <key>CONFIG_SIGNALFD</key>
            <value type="tristate">y</value>
        </config>
        <config>
            <key>CONFIG_SND</key>
            <value type="tristate">y</value>
        </config>
        <config>
            <key>CONFIG_SONY_FF</key>
            <value type="tristate">y</value>
        </config>
        <config>
            <key>CONFIG_SOUND</key>
            <value type="tristate">y</value>
        </config>
        <config>
            <key>CONFIG_STACKPROTECTOR</key>
            <value type="tristate">y</value>
        </config>
        <config>
            <key>CONFIG_STACKPROTECTOR_STRONG</key>
            <value type="tristate">y</value>
        </config>
        <config>
            <key>CONFIG_STAGING</key>
            <value type="tristate">y</value>
        </config>
        <config>
            <key>CONFIG_STATIC_USERMODEHELPER</key>
            <value type="tristate">y</value>
        </config>
        <config>
            <key>CONFIG_STRICT_KERNEL_RWX</key>
            <value type="tristate">y</value>
        </config>
        <config>
            <key>CONFIG_STRICT_MODULE_RWX</key>
            <value type="tristate">y</value>
        </config>
        <config>
            <key>CONFIG_SUSPEND</key>
            <value type="tristate">y</value>
        </config>
        <config>
            <key>CONFIG_SYNC_FILE</key>
            <value type="tristate">y</value>
        </config>
        <config>
            <key>CONFIG_SYSFS</key>
            <value type="tristate">y</value>
        </config>
        <config>
            <key>CONFIG_SYSVIPC</key>
            <value type="tristate">n</value>
        </config>
        <config>
            <key>CONFIG_TASKSTATS</key>
            <value type="tristate">y</value>
        </config>
        <config>
            <key>CONFIG_TASK_IO_ACCOUNTING</key>
            <value type="tristate">y</value>
        </config>
        <config>
            <key>CONFIG_TASK_XACCT</key>
            <value type="tristate">y</value>
        </config>
        <config>
            <key>CONFIG_TIMERFD</key>
            <value type="tristate">y</value>
        </config>
        <config>
            <key>CONFIG_TRACE_GPU_MEM</key>
            <value type="tristate">y</value>
        </config>
        <config>
            <key>CONFIG_TTY</key>
            <value type="tristate">y</value>
        </config>
        <config>
            <key>CONFIG_TUN</key>
            <value type="tristate">y</value>
        </config>
        <config>
            <key>CONFIG_UHID</key>
            <value type="tristate">y</value>
        </config>
        <config>
            <key>CONFIG_UID_SYS_STATS</key>
            <value type="tristate">y</value>
        </config>
        <config>
            <key>CONFIG_UNIX</key>
            <value type="tristate">y</value>
        </config>
        <config>
            <key>CONFIG_USB</key>
            <value type="tristate">y</value>
        </config>
        <config>
            <key>CONFIG_USB_CONFIGFS</key>
            <value type="tristate">y</value>
        </config>
        <config>
            <key>CONFIG_USB_CONFIGFS_F_FS</key>
            <value type="tristate">y</value>
        </config>
        <config>
            <key>CONFIG_USB_CONFIGFS_F_MIDI</key>
            <value type="tristate">y</value>
        </config>
        <config>
            <key>CONFIG_USB_GADGET</key>
            <value type="tristate">y</value>
        </config>
        <config>
            <key>CONFIG_USB_SUPPORT</key>
            <value type="tristate">y</value>
        </config>
        <config>
            <key>CONFIG_USELIB</key>
            <value type="tristate">n</value>
        </config>
        <config>
            <key>CONFIG_UTS_NS</key>
            <value type="tristate">y</value>
        </config>
        <config>
            <key>CONFIG_VETH</key>
            <value type="tristate">y</value>
        </config>
        <config>
            <key>CONFIG_XFRM_INTERFACE</key>
            <value type="tristate">y</value>
        </config>
        <config>
            <key>CONFIG_XFRM_MIGRATE</key>
            <value type="tristate">y</value>
        </config>
        <config>
            <key>CONFIG_XFRM_STATISTICS</key>
            <value type="tristate">y</value>
        </config>
        <config>
            <key>CONFIG_XFRM_USER</key>
            <value type="tristate">y</value>
        </config>
    </kernel>
    <kernel version="6.12.0" level="202604">
        <conditions>
            <config>
                <key>CONFIG_ARM</key>
                <value type="tristate">y</value>
            </config>
        </conditions>
        <config>
            <key>CONFIG_AEABI</key>
            <value type="tristate">y</value>
        </config>
        <config>
            <key>CONFIG_DEVKMEM</key>
            <value type="tristate">n</value>
        </config>
        <config>
            <key>CONFIG_OABI_COMPAT</key>
            <value type="tristate">n</value>
        </config>
    </kernel>
    <kernel version="6.12.0" level="202604">
        <conditions>
            <config>
                <key>CONFIG_ARM64</key>
                <value type="tristate">y</value>
            </config>
        </conditions>
        <config>
            <key>CONFIG_ARM64_PAN</key>
            <value type="tristate">y</value>
        </config>
        <config>
            <key>CONFIG_ARM64_SW_TTBR0_PAN</key>
            <value type="tristate">y</value>
        </config>
        <config>
            <key>CONFIG_ARMV8_DEPRECATED</key>
            <value type="tristate">y</value>
        </config>
        <config>
            <key>CONFIG_CFI_CLANG</key>
            <value type="tristate">y</value>
        </config>
        <config>
            <key>CONFIG_COMPAT</key>
            <value type="tristate">y</value>
        </config>
        <config>
            <key>CONFIG_CP15_BARRIER_EMULATION</key>
            <value type="tristate">y</value>
        </config>
        <config>
            <key>CONFIG_RANDOMIZE_BASE</key>
            <value type="tristate">y</value>
        </config>
        <config>
            <key>CONFIG_SETEND_EMULATION</key>
            <value type="tristate">y</value>
        </config>
        <config>
            <key>CONFIG_SHADOW_CALL_STACK</key>
            <value type="tristate">y</value>
        </config>
        <config>
            <key>CONFIG_SWP_EMULATION</key>
            <value type="tristate">y</value>
        </config>
        <config>
            <key>CONFIG_HAVE_MOVE_PMD</key>
            <value type="tristate">y</value>
        </config>
        <config>
            <key>CONFIG_HAVE_MOVE_PUD</key>
            <value type="tristate">y</value>
        </config>
        <config>
            <key>CONFIG_KFENCE</key>
            <value type="tristate">y</value>
        </config>
        <config>
            <key>CONFIG_USERFAULTFD</key>
            <value type="tristate">y</value>
        </config>
    </kernel>
    <kernel version="6.12.0" level="202604">
        <conditions>
            <config>
                <key>CONFIG_X86</key>
                <value type="tristate">y</value>
            </config>
        </conditions>
        <config>
            <key>CONFIG_DEVKMEM</key>
            <value type="tristate">n</value>
        </config>
        <config>
            <key>CONFIG_KFENCE</key>
            <value type="tristate">y</value>
        </config>
        <config>
            <key>CONFIG_MITIGATION_PAGE_TABLE_ISOLATION</key>
            <value type="tristate">y</value>
        </config>
        <config>
            <key>CONFIG_MITIGATION_RETPOLINE</key>
            <value type="tristate">y</value>
        </config>
        <config>
            <key>CONFIG_HAVE_MOVE_PMD</key>
            <value type="tristate">y</value>
        </config>
        <config>
            <key>CONFIG_HAVE_MOVE_PUD</key>
            <value type="tristate">y</value>
        </config>
        <config>
            <key>CONFIG_RANDOMIZE_BASE</key>
            <value type="tristate">y</value>
        </config>
        <config>
            <key>CONFIG_USERFAULTFD</key>
            <value type="tristate">y</value>
        </config>
    </kernel>
    <kernel version="6.12.0" level="202604">
        <conditions>
            <config>
                <key>CONFIG_X86_64</key>
                <value type="tristate">y</value>
            </config>
        </conditions>
        <config>
            <key>CONFIG_CFI_CLANG</key>
            <value type="tristate">y</value>
        </config>
    </kernel>
    <kernel version="6.12.0" level="202604">
        <conditions>
            <config>
                <key>CONFIG_ACPI</key>
                <value type="tristate">n</value>
            </config>
        </conditions>
        <config>
            <key>CONFIG_OF</key>
            <value type="tristate">y</value>
        </config>
    </kernel>
    <kernel version="6.12.0" level="202604">
        <conditions>
            <config>
                <key>CONFIG_OF</key>
                <value type="tristate">n</value>
            </config>
        </conditions>
        <config>
            <key>CONFIG_ACPI</key>
            <value type="tristate">y</value>
        </config>
    </kernel>
    <kernel version="6.12.0" level="202604">
        <conditions>
            <config>
                <key>CONFIG_EXT4_FS</key>
                <value type="tristate">y</value>
            </config>
        </conditions>
        <config>
            <key>CONFIG_EXT4_FS_POSIX_ACL</key>
            <value type="tristate">y</value>
        </config>
    </kernel>
    <kernel version="6.12.0" level="202604">
        <conditions>
            <config>
                <key>CONFIG_F2FS_FS</key>
                <value type="tristate">y</value>
            </config>
        </conditions>
        <config>
            <key>CONFIG_F2FS_FS_POSIX_ACL</key>
            <value type="tristate">y</value>
        </config>
    </kernel>
    <kernel version="6.12.0" level="202604">
        <conditions>
            <config>
                <key>CONFIG_HAVE_ARCH_VMAP_STACK</key>
                <value type="tristate">y</value>
            </config>
            <config>
                <key>CONFIG_KASAN_SW_TAGS</key>
                <value type="tristate">n</value>
            </config>
        </conditions>
        <config>
            <key>CONFIG_VMAP_STACK</key>
            <value type="tristate">y</value>
        </config>
    </kernel>
    <kernel version="6.12.0" level="202604">
        <conditions>
            <config>
                <key>CONFIG_CC_HAS_AUTO_VAR_INIT_ZERO</key>
                <value type="tristate">y</value>
            </config>
        </conditions>
        <config>
            <key>CONFIG_INIT_STACK_ALL_ZERO</key>
            <value type="tristate">y</value>
        </config>
    </kernel>
</compatibility-matrix>
